{
  "@context": "https://schema.org/",
  "@type": "collection",
  "ItemList": [
    {
      "@context": "<context URL>",
      "@type": "Product",
      "@id": "<URL to the product resource>",
      "productCode": "<product code>",
      "dataContext": "<data context URL>",
      "parameterContext": "<parameter context URL>",
      "translatorUrl": "<translator URL>",
      "name": "<product name>",
      "organizationPublicKeys": [
        {
          "url": "<public key URL>",
          "type": "<public key type>"
        }
      ],
      "description": "<product description>",
      "imageUrl": "<image URL>"
    },
    {
      "@context": "<context URL>",
      "@type": "Product",
      "@id": "<URL to the product resource>",
      "productCode": "<product code>",
      "dataContext": "<data context URL>",
      "parameterContext": "<parameter context URL>",
      "translatorUrl": "<translator URL>",
      "name": "<product name>",
      "organizationPublicKeys": [
        {
          "url": "<public key URL>",
          "type": "<public key type>"
        }
      ],
      "description": "<product description>",
      "imageUrl": "<image URL>"
    }
  ]
}