{
  "@context": "<URL to calendar context>",
  "@type": "<calendar type>",
  "@id": "<calendar id>",
  "toIdentity": "<to identity ID>",
  "title": "<calendar title>",
  "startDate": "2019-04-01T12:00:00+02:00",
  "endDate": "2019-04-01T16:00:00+02:00",
  "repeats": "<repeats>",
  "content": "<calendar content>",
  "location": "<location>",
  "cc": [
    "<list of identity IDs>"
  ],
  "createdAt": "2019-01-10T12:00:00Z",
  "updatedAt": "2019-01-10T12:00:00Z",
  "createdBy": "<user ID who created the message>"
}